id,application,owner,link,score_us,score_br,score_ng,score_in,score_de,score_au
id6742177802,New York Road Runners,"New York Road Runners, Inc.",https://apps.apple.com/us/app/new-york-road-runners/id6742177802,1.0,0,0,0,0.011111111111111112,0.01020408163265306
id6448311069,ChatGPT,OpenAI,https://apps.apple.com/us/app/chatgpt/id6448311069,0.5,0.25,0.3333333333333333,0.14285714285714285,1.0,0.5
id1605170923,GoWish - Your Digital Wishlist,Onskeskyen ApS,https://apps.apple.com/us/app/gowish-your-digital-wishlist/id1605170923,0.3333333333333333,0,0,0,0,0.1111111111111111
id6744034028,Sora by OpenAI,OpenAI,https://apps.apple.com/us/app/sora-by-openai/id6744034028,0.25,0,0,0,0,0
id6446901002,Threads,"Instagram, Inc.",https://apps.apple.com/us/app/threads/id6446901002,0.2,0.2,0.1111111111111111,0.08333333333333333,0.2,0.14285714285714285
id6477489729,Google Gemini,Google,https://apps.apple.com/us/app/google-gemini/id6477489729,0.16666666666666666,1.0,1.0,0.5,0.3333333333333333,0.07692307692307693
/id294056623,FOX Sports: Watch Live Games,FOX Sports Interactive,https://apps.apple.com/us/app/fox-sports-watch-live-games/id294056623,0.14285714285714285,0,0,0,0,0
id1641486558,Temu: Shop Like a Billionaire,Temu,https://apps.apple.com/us/app/temu-shop-like-a-billionaire/id1641486558,0.125,0.16666666666666666,0.25,0,0.25,0.2
id1500855883,CapCut - Video Editor,Bytedance Pte. Ltd,https://apps.apple.com/us/app/capcut-video-editor/id1500855883,0.1111111111111111,0.07692307692307693,0.16666666666666666,0,0.1111111111111111,0.3333333333333333
/id284815942,Google,Google,https://apps.apple.com/us/app/google/id284815942,0.1,0.05263157894736842,0.03571428571428571,0.047619047619047616,0.05555555555555555,0.047619047619047616
/id585027354,Google Maps,Google,https://apps.apple.com/us/app/google-maps/id585027354,0.09090909090909091,0.06666666666666667,0.047619047619047616,0.25,0.07692307692307693,0.037037037037037035
id1488269261,"Whatnot: Shop, Sell, Connect",Whatnot Inc.,https://apps.apple.com/us/app/whatnot-shop-sell-connect/id1488269261,0.08333333333333333,0,0,0,0,0
/id922103212,McDonald's,McDonald's USA,https://apps.apple.com/us/app/mcdonalds/id922103212,0.07692307692307693,0,0,0,0,0
id6746049430,"FOX One: Live News, Sports, TV","Fox Digital Services, LLC",https://apps.apple.com/us/app/fox-one-live-news-sports-tv/id6746049430,0.07142857142857142,0,0,0,0,0
/id905401434,Fubo: Watch Live TV & Sports,fuboTV Inc.,https://apps.apple.com/us/app/fubo-watch-live-tv-sports/id905401434,0.06666666666666667,0,0,0,0,0
/id368677368,Uber - Request a ride,"Uber Technologies, Inc.",https://apps.apple.com/us/app/uber-request-a-ride/id368677368,0.0625,0.025,0,0.0625,0.14285714285714285,0.02631578947368421
/id835599320,"TikTok - Videos, Shop & LIVE",TikTok Ltd.,https://apps.apple.com/us/app/tiktok-videos-shop-live/id835599320,0.058823529411764705,0.0625,0.05555555555555555,0,0.025,0.02702702702702703
id6670324846,Grok,xAI,https://apps.apple.com/us/app/grok/id6670324846,0.05555555555555555,0,0.016129032258064516,0,0.024390243902439025,0.027777777777777776
id1666653815,HBO Max: Stream Movies & TV,"WarnerMedia Global Digital Services, LLC",https://apps.apple.com/us/app/hbo-max-stream-movies-tv/id1666653815,0.05263157894736842,0.03333333333333333,0,0,0,0.038461538461538464
/id310633997,WhatsApp Messenger,WhatsApp Inc.,https://apps.apple.com/us/app/whatsapp-messenger/id310633997,0.05,0.011235955056179775,0.05,0.01020408163265306,0,0.03333333333333333
/id719972451,DoorDash - Food Delivery,"DoorDash, Inc.",https://apps.apple.com/us/app/doordash-food-delivery/id719972451,0.047619047619047616,0,0,0,0,0
/id389801252,Instagram,"Instagram, Inc.",https://apps.apple.com/us/app/instagram/id389801252,0.045454545454545456,0.0136986301369863,0.07142857142857142,0.015625,0.03125,0.013888888888888888
/id333903271,X,X Corp.,https://apps.apple.com/us/app/x/id333903271,0.043478260869565216,0.013888888888888888,0.0625,0,0.010526315789473684,0
/id535886823,Google Chrome,Google,https://apps.apple.com/us/app/google-chrome/id535886823,0.041666666666666664,0.024390243902439025,0.034482758620689655,0.037037037037037035,0.02631578947368421,0.018867924528301886
/id297606951,Amazon Shopping,AMZN Mobile LLC,https://apps.apple.com/us/app/amazon-shopping/id297606951,0.04,0.029411764705882353,0,0,0,0.03225806451612903
id1636235979,ReelShort - Stream Drama & TV,NewLeaf Publishing,https://apps.apple.com/us/app/reelshort-stream-drama-tv/id1636235979,0.038461538461538464,0.013513513513513514,0.011764705882352941,0,0.027777777777777776,0
/id338137227,Walmart: Shopping & Savings,Walmart,https://apps.apple.com/us/app/walmart-shopping-savings/id338137227,0.037037037037037035,0,0,0,0,0
/id482066631,The Roku App (Official),ROKU INC,https://apps.apple.com/us/app/the-roku-app-official/id482066631,0.03571428571428571,0,0,0,0,0
/id422689480,Gmail - Email by Google,Google,https://apps.apple.com/us/app/gmail-email-by-google/id422689480,0.034482758620689655,0.01818181818181818,0.030303030303030304,0.02857142857142857,0.02,0.0196078431372549
id1498607143,Lemon8 - Lifestyle Community,TikTok Ltd.,https://apps.apple.com/us/app/lemon8-lifestyle-community/id1498607143,0.03333333333333333,0,0,0,0,0.010416666666666666
/id545519333,Amazon Prime Video,AMZN Mobile LLC,https://apps.apple.com/us/app/amazon-prime-video/id545519333,0.03225806451612903,0.5,0,0.020833333333333332,0.013888888888888888,0.01818181818181818
id1446075923,Disney+,Disney,https://apps.apple.com/us/app/disney/id1446075923,0.03125,0.03125,0,0,0.012195121951219513,0.015625
/id878577184,SHEIN - Shopping Online,ROADGET BUSINESS PTE. LTD.,https://apps.apple.com/us/app/shein-shopping-online/id878577184,0.030303030303030304,0.3333333333333333,0.02857142857142857,0,0.03225806451612903,0.16666666666666666
/id384830320,Life360: Stay Connected & Safe,Life360,https://apps.apple.com/us/app/life360-stay-connected-safe/id384830320,0.029411764705882353,0.0125,0,0,0,0.02040816326530612
/id686449807,Telegram Messenger,Telegram FZ-LLC,https://apps.apple.com/us/app/telegram-messenger/id686449807,0.02857142857142857,0.05555555555555555,0.1,0.045454545454545456,0.017241379310344827,0.014925373134328358
/id284882215,Facebook,"Meta Platforms, Inc.",https://apps.apple.com/us/app/facebook/id284882215,0.027777777777777776,0.037037037037037035,0.06666666666666667,0.022222222222222223,0.012987012987012988,0.01282051282051282
/id897446215,Canva: AI Photo & Video Editor,Canva,https://apps.apple.com/us/app/canva-ai-photo-video-editor/id897446215,0.02702702702702703,0.027777777777777776,0.017857142857142856,0.01818181818181818,0.023809523809523808,0.016666666666666666
/id324684580,Spotify: Music and Podcasts,Spotify,https://apps.apple.com/us/app/spotify-music-and-podcasts/id324684580,0.02631578947368421,0.03225806451612903,0.03225806451612903,0.03225806451612903,0.022222222222222223,0.0136986301369863
id1508186374,Peacock TV: Stream TV & Movies,Peacock TV LLC,https://apps.apple.com/us/app/peacock-tv-stream-tv-movies/id1508186374,0.02564102564102564,0,0,0,0,0
id1223471316,Shop: All your favorite brands,Shopify Inc.,https://apps.apple.com/us/app/shop-all-your-favorite-brands/id1223471316,0.025,0,0,0,0,0.05
/id429047995,Pinterest,Pinterest,https://apps.apple.com/us/app/pinterest/id429047995,0.024390243902439025,0.030303030303030304,0.04,0.02040816326530612,0.020833333333333332,0
id1089294040,Capital One Shopping: Save Now,"Wikibuy, LLC",https://apps.apple.com/us/app/capital-one-shopping-save-now/id1089294040,0.023809523809523808,0,0,0,0,0
/id363590051,Netflix,"Netflix, Inc.",https://apps.apple.com/us/app/netflix/id363590051,0.023255813953488372,0.08333333333333333,0.02040816326530612,0.018518518518518517,0.05263157894736842,0
/id529379082,Lyft,"Lyft, Inc.",https://apps.apple.com/us/app/lyft/id529379082,0.022727272727272728,0,0,0,0,0
/id544007664,YouTube,Google,https://apps.apple.com/us/app/youtube/id544007664,0.022222222222222223,0.02564102564102564,0.07692307692307693,0.012658227848101266,0.011627906976744186,0
id1193350206,YouTube TV,Google,https://apps.apple.com/us/app/youtube-tv/id1193350206,0.021739130434782608,0,0,0,0,0
/id985746746,"Discord - Talk, Play, Hang Out","Discord, Inc.",https://apps.apple.com/us/app/discord-talk-play-hang-out/id985746746,0.02127659574468085,0.01694915254237288,0.011363636363636364,0,0.014285714285714285,0
id1060683933,Too Good To Go: End Food Waste,Too Good To Go,https://apps.apple.com/us/app/too-good-to-go-end-food-waste/id1060683933,0.020833333333333332,0,0,0,0.03571428571428571,0.01098901098901099
/id283646709,"PayPal - Pay, Send, Save","PayPal, Inc.",https://apps.apple.com/us/app/paypal-pay-send-save/id283646709,0.02040816326530612,0,0,0,0.07142857142857142,0.015384615384615385
/id711923939,Cash App: Mobile Banking,"Block, Inc.",https://apps.apple.com/us/app/cash-app-mobile-banking/id711923939,0.02,0,0,0,0,0
/id530168168,Paramount+,CBS Interactive,https://apps.apple.com/us/app/paramount/id530168168,0.0196078431372549,0,0,0,0,0
/id503451073,Alibaba.com,"Hangzhou Alibaba International Information Technology Co., Ltd.",https://apps.apple.com/us/app/alibaba-com/id503451073,0.019230769230769232,0,0,0,0,0.012048192771084338
id6445905219,DramaBox - Stream Drama Shorts,STORYMATRIX PTE. LTD.,https://apps.apple.com/us/app/dramabox-stream-drama-shorts/id6445905219,0.018867924528301886,0.012987012987012988,0,0,0,0.010309278350515464
/id309735670,Indeed Job Search,Indeed Inc.,https://apps.apple.com/us/app/indeed-job-search/id309735670,0.018518518518518517,0,0,0,0.014084507042253521,0
/id376510438,Hulu: Stream TV shows & movies,"Hulu, LLC",https://apps.apple.com/us/app/hulu-stream-tv-shows-movies/id376510438,0.01818181818181818,0,0,0,0,0
/id886445756,Tubi: Movies & Live TV,"Tubi, Inc",https://apps.apple.com/us/app/tubi-movies-live-tv/id886445756,0.017857142857142856,0,0,0,0,0
/id454638411,Messenger,"Meta Platforms, Inc.",https://apps.apple.com/us/app/messenger/id454638411,0.017543859649122806,0.04,0.05263157894736842,0.01639344262295082,0,0.011235955056179775
/id382497397,Sam's Club: Pickup & Delivery,Samâs Club,https://apps.apple.com/us/app/sams-club-pickup-delivery/id382497397,0.017241379310344827,0,0,0,0,0
/id436672029,AliExpress - Shopping App,Alibaba,https://apps.apple.com/us/app/aliexpress-shopping-app/id436672029,0.01694915254237288,0.07142857142857142,0,0,0.021739130434782608,0.041666666666666664
/id500003565,"Ticketmasterï¼Buy, Sell Tickets",Ticketmaster,https://apps.apple.com/us/app/ticketmaster-buy-sell-tickets/id500003565,0.016666666666666666,0,0,0,0,0.09090909090909091
id6448849666,Bible Chat: Daily Devotional,Bookvitals APP SRL,https://apps.apple.com/us/app/bible-chat-daily-devotional/id6448849666,0.01639344262295082,0,0,0,0,0
/id351727428,Venmo,Venmo,https://apps.apple.com/us/app/venmo/id351727428,0.016129032258064516,0,0,0,0,0
/id447188370,Snapchat,"Snap, Inc.",https://apps.apple.com/us/app/snapchat/id447188370,0.015873015873015872,0,0.041666666666666664,0.02702702702702703,0.01098901098901099,0
/id497387361,Taco Bell Fast Food & Delivery,Taco Bell,https://apps.apple.com/us/app/taco-bell-fast-food-delivery/id497387361,0.015625,0,0,0,0,0
/id293622097,Google Earth,Google,https://apps.apple.com/us/app/google-earth/id293622097,0.015384615384615385,0,0,0,0,0
/id535509415,Costco,Costco Wholesale Corporation,https://apps.apple.com/us/app/costco/id535509415,0.015151515151515152,0,0,0,0,0
/id401626263,Airbnb,"Airbnb, Inc.",https://apps.apple.com/us/app/airbnb/id401626263,0.014925373134328358,0.02857142857142857,0,0,0.015151515151515152,0.02
/id722804810,Gopuff - Food & Drink Delivery,Gopuff,https://apps.apple.com/us/app/gopuff-food-drink-delivery/id722804810,0.014705882352941176,0,0,0,0,0
id6754372323,Tea App for Women: TeaOnHim,Calipsio,https://apps.apple.com/us/app/tea-app-for-women-teaonhim/id6754372323,0.014492753623188406,0,0,0,0,0
id1111876388,T-Life,T-Mobile,https://apps.apple.com/us/app/t-life/id1111876388,0.014285714285714285,0,0,0,0,0
/id297430070,Target,Target,https://apps.apple.com/us/app/target/id297430070,0.014084507042253521,0,0,0,0,0
/id282935706,Bible,Life.Church,https://apps.apple.com/us/app/bible/id282935706,0.013888888888888888,0,0.02564102564102564,0,0,0
id1631584032,PLAYFUL REWARDS: Earn Rewards,Playful Rewards,https://apps.apple.com/us/app/playful-rewards-earn-rewards/id1631584032,0.0136986301369863,0,0,0,0,0
/id962194608,Google Photos: Backup & Edit,Google,https://apps.apple.com/us/app/google-photos-backup-edit/id962194608,0.013513513513513514,0.015873015873015872,0,0.014492753623188406,0,0
/id436491861,Domino's Pizza USA,Domino's Pizza LLC,https://apps.apple.com/us/app/dominos-pizza-usa/id436491861,0.013333333333333334,0,0,0,0,0
id1058959277,Uber Eats: Food & Groceries,"Uber Technologies, Inc.",https://apps.apple.com/us/app/uber-eats-food-groceries/id1058959277,0.013157894736842105,0,0,0,0.09090909090909091,0.017857142857142856
id1514665962,Underdog Sports,"Underdog Sports, Inc.",https://apps.apple.com/us/app/underdog-sports/id1514665962,0.012987012987012988,0,0,0,0,0
/id507874739,Google Drive,Google,https://apps.apple.com/us/app/google-drive/id507874739,0.01282051282051282,0.014492753623188406,0.014925373134328358,0.017543859649122806,0.010101010101010102,0.012987012987012988
/id842842640,Google Docs,Google,https://apps.apple.com/us/app/google-docs/id842842640,0.012658227848101266,0,0,0,0,0
id1450175505,Giftful - Wishlist & Registry,Giftful LLC,https://apps.apple.com/us/app/giftful-wishlist-registry/id1450175505,0.0125,0,0,0,0,0
/id926252661,Ring - Always Home,Ring.com,https://apps.apple.com/us/app/ring-always-home/id926252661,0.012345679012345678,0,0,0,0,0
id1632713844,Kalshi: Trade the Future,KalshiEX LLC,https://apps.apple.com/us/app/kalshi-trade-the-future/id1632713844,0.012195121951219513,0,0,0,0,0
id6448176203,GoodShort - Short Dramas Hub,SINGAPORE NEW READING TECHNOLOGY PTE. LTD.,https://apps.apple.com/us/app/goodshort-short-dramas-hub/id6448176203,0.012048192771084338,0,0.012195121951219513,0,0,0
/id570060128,Duolingo - Language Lessons,Duolingo,https://apps.apple.com/us/app/duolingo-language-lessons/id570060128,0.011904761904761904,0.010309278350515464,0,0,0.045454545454545456,0
id1673723000,Duet Dating App: Chat & Meet,WINK TECH LIMITED,https://apps.apple.com/us/app/duet-dating-app-chat-meet/id1673723000,0.011764705882352941,0,0,0,0,0
id6449206831,"Scoopz: Real Life, Real Videos","Local AI, Inc.",https://apps.apple.com/us/app/scoopz-real-life-real-videos/id6449206831,0.011627906976744186,0,0,0,0,0
id1494523953,OnePay â Mobile Banking,"One Finance, Inc.",https://apps.apple.com/us/app/onepay-mobile-banking/id1494523953,0.011494252873563218,0,0,0,0,0
id1413721906,FanDuel Sportsbook & Casino,"FanDuel, Inc.",https://apps.apple.com/us/app/fanduel-sportsbook-casino/id1413721906,0.011363636363636364,0,0,0,0,0
/id518684914,Depop | Buy & Sell Clothing,Depop Ltd,https://apps.apple.com/us/app/depop-buy-sell-clothing/id518684914,0.011235955056179775,0,0,0,0,0.034482758620689655
id6738967378,"Edits, an Instagram app","Instagram, Inc.",https://apps.apple.com/us/app/edits-an-instagram-app/id6738967378,0.011111111111111112,0.043478260869565216,0,0.09090909090909091,0.0136986301369863,0.017241379310344827
/id393328150,Sephora US: Makeup & Skincare,"Sephora USA, Inc",https://apps.apple.com/us/app/sephora-us-makeup-skincare/id393328150,0.01098901098901099,0,0,0,0,0
id6742152082,Aritzia,Aritzia LP,https://apps.apple.com/us/app/aritzia/id6742152082,0.010869565217391304,0,0,0,0,0
id6443686328,Link to Windows,Microsoft Corporation,https://apps.apple.com/us/app/link-to-windows/id6443686328,0.010752688172043012,0,0,0,0,0.011764705882352941
/id407558537,Capital One Mobile,Capital One,https://apps.apple.com/us/app/capital-one-mobile/id407558537,0.010638297872340425,0,0,0,0,0
/id477128284,"Etsy: Shop Home, Style & More","Etsy, Inc.",https://apps.apple.com/us/app/etsy-shop-home-style-more/id477128284,0.010526315789473684,0,0,0,0,0
/id282614216,eBay online shopping & selling,eBay Inc.,https://apps.apple.com/us/app/ebay-online-shopping-selling/id282614216,0.010416666666666666,0,0,0,0.0125,0
/id842849113,Google Sheets,Google,https://apps.apple.com/us/app/google-sheets/id842849113,0.010309278350515464,0,0,0.010526315789473684,0,0
id1510944943,Cleanup: Phone Storage Cleaner,DEEP FLOW SOFTWARE SERVICES,https://apps.apple.com/us/app/cleanup-phone-storage-cleaner/id1510944943,0.01020408163265306,0.010101010101010102,0,0.012195121951219513,0,0
id1542571008,Gauth: AI Study Companion,GAUTHTECH PTE. LTD.,https://apps.apple.com/us/app/gauth-ai-study-companion/id1542571008,0.010101010101010102,0,0,0,0,0
id1451754591,DoorDash - Dasher,"DoorDash, Inc.",https://apps.apple.com/us/app/doordash-dasher/id1451754591,0.01,0,0,0,0,0
id1481812175,Shopee: 11.11 A Maior Liquida,SHPS I Private Limited,https://apps.apple.com/br/app/shopee-11-11-a-maior-liquida/id1481812175,0,0.14285714285714285,0,0,0,0
/id483017239,iFood: pedir delivery em casa,iFood,https://apps.apple.com/br/app/ifood-pedir-delivery-em-casa/id483017239,0,0.125,0,0,0,0
/id463624852,Mercado Livre: Compras Online,MercadoLibre,https://apps.apple.com/br/app/mercado-livre-compras-online/id463624852,0,0.1111111111111111,0,0,0,0
id6752767765,Reader Progre: Movie Blind Bag,Nguyen Thi Hoai Thuong,https://apps.apple.com/br/app/reader-progre-movie-blind-bag/id6752767765,0,0.1,0,0,0,0
/id553663691,"99: Corridas, Food, Pay",99 Taxis Desenvolvimento de Softwares Ltda. - Epp,https://apps.apple.com/br/app/99-corridas-food-pay/id553663691,0,0.09090909090909091,0,0,0,0
/id925436649,Mercado Pago: banco digital,MercadoLibre,https://apps.apple.com/br/app/mercado-pago-banco-digital/id925436649,0,0.058823529411764705,0,0,0,0
/id891130066,Magalu: compras com descontos,Luiza Lab Consultoria em Inovacao Ltda,https://apps.apple.com/br/app/magalu-compras-com-descontos/id891130066,0,0.05,0,0,0,0
/id536321738,"Globoplay: Novelas, sÃ©ries e +",GLOBO COM. E PART. S/A,https://apps.apple.com/br/app/globoplay-novelas-s%C3%A9ries-e/id536321738,0,0.047619047619047616,0,0,0,0
id1506827551,gov.br,Servicos e Informacoes do Brasil,https://apps.apple.com/br/app/gov-br/id1506827551,0,0.045454545454545456,0,0,0,0
id1102452668,Serasa: Consulta CPF e Score,Serasa Experian,https://apps.apple.com/br/app/serasa-consulta-cpf-e-score/id1102452668,0,0.041666666666666664,0,0,0,0
id6754314675,Comp Study: Plant Records,Deniz KARABOCEK,https://apps.apple.com/br/app/comp-study-plant-records/id6754314675,0,0.038461538461538464,0,0,0,0
id1070070438,ZÃ© Delivery,"EMPRESARIOS DETALLISTAS DE MEXICO, S.A. DE C.V.",https://apps.apple.com/br/app/z%C3%A9-delivery/id1070070438,0,0.03571428571428571,0,0,0,0
/id814456780,"Nubank: Conta, CartÃ£o e mais",NU PAGAMENTOS S/A INSTITUICAO DE PAGAMENTO,https://apps.apple.com/br/app/nubank-conta-cart%C3%A3o-e-mais/id814456780,0,0.034482758620689655,0,0,0,0
/id839711154,"Inter: Conta, CartÃ£o e Pix",Banco Inter,https://apps.apple.com/br/app/inter-conta-cart%C3%A3o-e-pix/id839711154,0,0.02702702702702703,0,0,0,0
id6698865377,"YouCinE, novos filmes sÃ©ries",yassine khajjou,https://apps.apple.com/br/app/youcine-novos-filmes-s%C3%A9ries/id6698865377,0,0.02631578947368421,0,0,0,0
id1422471180,Dazz Cam - Vintage Camera & 3D,DAZZ PTE. LTD.,https://apps.apple.com/br/app/dazz-cam-vintage-camera-3d/id1422471180,0,0.023809523809523808,0,0,0,0
id1506929912,"InfinitePay Tap, Conta, CartÃ£o","CloudWalk, Inc.",https://apps.apple.com/br/app/infinitepay-tap-conta-cart%C3%A3o/id1506929912,0,0.023255813953488372,0,0,0,0
id6749051716,Comp Study - Cine Mood,Trang Dao My,https://apps.apple.com/br/app/comp-study-cine-mood/id6749051716,0,0.022727272727272728,0,0,0,0
/id426826309,"Strava: corrida, pedal, trilha","Strava, Inc.",https://apps.apple.com/br/app/strava-corrida-pedal-trilha/id426826309,0,0.022222222222222223,0,0,0,0.011363636363636364
id1546127285,JET â scooter sharing,"Jet Sharing, TOO",https://apps.apple.com/br/app/jet-scooter-sharing/id1546127285,0,0.021739130434782608,0,0,0,0
id6670430706,DramaWave - Dramas & Reels,SKYWORK AI PTE LTD,https://apps.apple.com/br/app/dramawave-dramas-reels/id6670430706,0,0.02127659574468085,0,0,0,0
id1114009187,McDonald's: Cupons e Delivery,Arcos Dorados Latin America,https://apps.apple.com/br/app/mcdonalds-cupons-e-delivery/id1114009187,0,0.020833333333333332,0,0,0,0
id1485509764,Reports + Unfollowers Insights,FAMEDMOBILE MARKET LIMITED,https://apps.apple.com/br/app/reports-unfollowers-insights/id1485509764,0,0.02040816326530612,0,0,0,0
/id561524792,"PicPay: Conta, CartÃ£o e Pix",PicPay Apps,https://apps.apple.com/br/app/picpay-conta-cart%C3%A3o-e-pix/id561524792,0,0.02,0,0,0,0
id6505045943,Clip&Cut - Editor de videos,"Hunan Bailimu Technology Co., Ltdz",https://apps.apple.com/br/app/clip-cut-editor-de-videos/id6505045943,0,0.0196078431372549,0,0.012048192771084338,0,0
/id323229106,Waze â GPS e TrÃ¢nsito ao vivo,Waze Inc.,https://apps.apple.com/br/app/waze-gps-e-tr%C3%A2nsito-ao-vivo/id323229106,0,0.019230769230769232,0,0,0,0.03571428571428571
id1489108782,MadeiraMadeira: compras online,MadeiraMadeira SA,https://apps.apple.com/br/app/madeiramadeira-compras-online/id1489108782,0,0.018867924528301886,0,0,0,0
id1558240027,Meta AI,"Meta Platforms, Inc.",https://apps.apple.com/br/app/meta-ai/id1558240027,0,0.018518518518518517,0.0196078431372549,0.02127659574468085,0,0
/id692808319,OLX - Comprar e vender online,bomnegÃ³cio.com,https://apps.apple.com/br/app/olx-comprar-e-vender-online/id692808319,0,0.017857142857142856,0,0,0,0
id1386412985,WhatsApp Business,WhatsApp Inc.,https://apps.apple.com/br/app/whatsapp-business/id1386412985,0,0.017543859649122806,0.09090909090909091,0.021739130434782608,0,0
id6447586622,Nike App - Black Friday,Fisia,https://apps.apple.com/br/app/nike-app-black-friday/id6447586622,0,0.017241379310344827,0,0,0,0
id6504798650,Bible Path: Devocional DiÃ¡rio,DEEP FLOW SOFTWARE SERVICES,https://apps.apple.com/br/app/bible-path-devocional-di%C3%A1rio/id6504798650,0,0.016666666666666666,0,0,0,0
/id886443637,Netshoes: Black November,Netshoes,https://apps.apple.com/br/app/netshoes-black-november/id886443637,0,0.01639344262295082,0,0,0,0
/id490813624,CAIXA,Caixa EconÃ´mica Federal,https://apps.apple.com/br/app/caixa/id490813624,0,0.016129032258064516,0,0,0,0
/id526829675,Minha Claro,Claro S A,https://apps.apple.com/br/app/minha-claro/id526829675,0,0.015625,0,0,0,0
id1470373330,Remini - RealÃ§ador de Fotos IA,Bending Spoons Apps ApS,https://apps.apple.com/br/app/remini-real%C3%A7ador-de-fotos-ia/id1470373330,0,0.015384615384615385,0,0,0,0
id6751533724,Read Progre: Movie Cine Puzzle,Trinh Thi Ngoc Linh,https://apps.apple.com/br/app/read-progre-movie-cine-puzzle/id6751533724,0,0.015151515151515152,0,0,0,0
/id547702041,Tinder - app de relacionamento,Tinder LLC,https://apps.apple.com/br/app/tinder-app-de-relacionamento/id547702041,0,0.014925373134328358,0,0,0,0
id6744358897,Langlearn: InglÃªs com IA,AIFLAME TECHNOLOGY PTE. LTD.,https://apps.apple.com/br/app/langlearn-ingl%C3%AAs-com-ia/id6744358897,0,0.014705882352941176,0,0,0,0
id6749971228,Jeitto: CrÃ©dito e Pagamentos,Jeitto Instituicao de Pagamento LTDA,https://apps.apple.com/br/app/jeitto-cr%C3%A9dito-e-pagamentos/id6749971228,0,0.014285714285714285,0,0,0,0
/id474505665,"Banco ItaÃº: Conta, CartÃ£o e +",ItaÃº Unibanco S.A.,https://apps.apple.com/br/app/banco-ita%C3%BA-conta-cart%C3%A3o-e/id474505665,0,0.014084507042253521,0,0,0,0
id1295257499,Carteira de Trabalho Digital,Servicos e Informacoes do Brasil,https://apps.apple.com/br/app/carteira-de-trabalho-digital/id1295257499,0,0.013333333333333334,0,0,0,0
id1453444814,GymRats Â· Desafio fitness,"Avocado Apps, LLC",https://apps.apple.com/br/app/gymrats-desafio-fitness/id1453444814,0,0.013157894736842105,0,0,0,0
id1458740001,Sticker.ly - Sticker Maker,NAVER Z Corporation,https://apps.apple.com/br/app/sticker-ly-sticker-maker/id1458740001,0,0.01282051282051282,0,0,0,0
/id993672585,MÃ©liuz: Cashback e Nota Fiscal,MÃ©liuz,https://apps.apple.com/br/app/m%C3%A9liuz-cashback-e-nota-fiscal/id993672585,0,0.012658227848101266,0,0,0,0
id1439422220,Controle remoto universal TV Â·,KRAFTWERK 9 LTD,https://apps.apple.com/br/app/controle-remoto-universal-tv/id1439422220,0,0.012345679012345678,0,0,0,0
id1038369065,Flo: diÃ¡rio de ciclo menstrual,FLO HEALTH UK LIMITED,https://apps.apple.com/br/app/flo-di%C3%A1rio-de-ciclo-menstrual/id1038369065,0,0.012195121951219513,0,0,0,0
id1275057217,Carteira Digital de TrÃ¢nsito,Servicos e Informacoes do Brasil,https://apps.apple.com/br/app/carteira-digital-de-tr%C3%A2nsito/id1275057217,0,0.012048192771084338,0,0,0,0
/id367003839,Ofertas de viagem Booking.com,Booking.com,https://apps.apple.com/br/app/ofertas-de-viagem-booking-com/id367003839,0,0.011904761904761904,0,0,0.02564102564102564,0.020833333333333332
id1243048358,Meu INSS - Central de ServiÃ§os,Servicos e Informacoes do Brasil,https://apps.apple.com/br/app/meu-inss-central-de-servi%C3%A7os/id1243048358,0,0.011764705882352941,0,0,0,0
/id613365711,Banco Santander Brasil,Banco Santander (Brasil) S.A.,https://apps.apple.com/br/app/banco-santander-brasil/id613365711,0,0.011627906976744186,0,0,0,0
id1038441027,FGTS,Caixa EconÃ´mica Federal,https://apps.apple.com/br/app/fgts/id1038441027,0,0.011494252873563218,0,0,0,0
/id583990782,Decolar: Voos e HotÃ©is,Decolar.com,https://apps.apple.com/br/app/decolar-voos-e-hot%C3%A9is/id583990782,0,0.011363636363636364,0,0,0,0
id1295116265,Burger King Brasil,Burger King Brasil,https://apps.apple.com/br/app/burger-king-brasil/id1295116265,0,0.011111111111111112,0,0,0,0
id1580559166,SEPHORA: Maquiagem e Perfumes,SEPHORA: Maquiagem e Perfumes,https://apps.apple.com/br/app/sephora-maquiagem-e-perfumes/id1580559166,0,0.01098901098901099,0,0,0,0
/id475915064,Vivo,VIVO,https://apps.apple.com/br/app/vivo/id475915064,0,0.010869565217391304,0,0,0,0
id1154266372,Santander Way,Banco Santander (Brasil) S.A.,https://apps.apple.com/br/app/santander-way/id1154266372,0,0.010752688172043012,0,0,0,0
id1485424267,CAIXA Tem,Caixa EconÃ´mica Federal,https://apps.apple.com/br/app/caixa-tem/id1485424267,0,0.010638297872340425,0,0,0,0
/id567763947,Lojas Renner - Comprar Roupas,Lojas Renner,https://apps.apple.com/br/app/lojas-renner-comprar-roupas/id567763947,0,0.010526315789473684,0,0,0,0
id1463463143,"C6 Bank: CartÃ£o, conta e mais!",C6 Bank,https://apps.apple.com/br/app/c6-bank-cart%C3%A3o-conta-e-mais/id1463463143,0,0.010416666666666666,0,0,0,0
/id330984271,"BB: Banco, Conta, Pix, CartÃ£o",Banco do Brasil,https://apps.apple.com/br/app/bb-banco-conta-pix-cart%C3%A3o/id330984271,0,0.01020408163265306,0,0,0,0
/id978751089,O BoticÃ¡rio,O Boticario,https://apps.apple.com/br/app/o-botic%C3%A1rio/id978751089,0,0.01,0,0,0,0
id6748814106,MovieBox - Movies & TV Show,Revathi Rakumar,https://apps.apple.com/ng/app/moviebox-movies-tv-show/id6748814106,0,0,0.5,0,0,0
id6737593007,OKash: Safe and reliable loan,Blueridge Microfinance Bank,https://apps.apple.com/ng/app/okash-safe-and-reliable-loan/id6737593007,0,0,0.2,0,0,0
id6452756675,Moniepoint Personal Banking,Moniepoint,https://apps.apple.com/ng/app/moniepoint-personal-banking/id6452756675,0,0,0.14285714285714285,0,0,0
id1463776084,OPay-We are beyond Banking,OPay Digital Services Pte.Ltd.,https://apps.apple.com/ng/app/opay-we-are-beyond-banking/id1463776084,0,0,0.125,0,0,0
id1479656820,"PalmPay - Transfers, Bills",Palmpay Limited,https://apps.apple.com/ng/app/palmpay-transfers-bills/id1479656820,0,0,0.08333333333333333,0,0,0
/id921765888,Audiomack - Play Music Offline,"Audiomack, Inc.",https://apps.apple.com/ng/app/audiomack-play-music-offline/id921765888,0,0,0.058823529411764705,0,0,0
id1504038308,SportyBet - Sports Betting,Sporty Internet Group,https://apps.apple.com/ng/app/sportybet-sports-betting/id1504038308,0,0,0.045454545454545456,0,0,0
id6733228838,LendSafe - Instant loan,SMARTLOANS INTEGRATED SERVICES LIMITED,https://apps.apple.com/ng/app/lendsafe-instant-loan/id6733228838,0,0,0.043478260869565216,0,0,0
id6742431377,Carding - Sell Gift Cards,Cardpay LLC,https://apps.apple.com/ng/app/carding-sell-gift-cards/id6742431377,0,0,0.038461538461538464,0,0,0
/id675033630,Bolt: Request a Ride,BOLT TECHNOLOGY OU,https://apps.apple.com/ng/app/bolt-request-a-ride/id675033630,0,0,0.037037037037037035,0,0.01639344262295082,0
/id925015459,Jumia Online Shopping,Africa Internet Group,https://apps.apple.com/ng/app/jumia-online-shopping/id925015459,0,0,0.03333333333333333,0,0,0
/id780125801,inDrive: taxi rides platform,SUOL INNOVATIONS LTD,https://apps.apple.com/ng/app/indrive-taxi-rides-platform/id780125801,0,0,0.03125,0,0,0
id1021171706,LEMON - very fun chat app,Huyuko Ishihara,https://apps.apple.com/ng/app/lemon-very-fun-chat-app/id1021171706,0,0,0.029411764705882353,0,0,0
id6456485223,FairMoney: Loan App In Nigeria,FAIRMONEY MICROFINANCE BANK LIMITED,https://apps.apple.com/ng/app/fairmoney-loan-app-in-nigeria/id6456485223,0,0,0.027777777777777776,0,0,0
id1500264724,CDcare Pay Small Small App,EMAXIE LIMITED,https://apps.apple.com/ng/app/cdcare-pay-small-small-app/id1500264724,0,0,0.02702702702702703,0,0,0
id6462956357,Meme Shorts,"Nanjing Weicong Network Technology Co., Ltd.",https://apps.apple.com/ng/app/meme-shorts/id6462956357,0,0,0.02631578947368421,0,0,0
id6748451447,AidaCredit,ISHIAGU MICROFINANCE BANK LIMITED,https://apps.apple.com/ng/app/aidacredit/id6748451447,0,0,0.025,0,0,0
/id549493839,Zangi Private Messenger,"Secret Phone, Inc",https://apps.apple.com/ng/app/zangi-private-messenger/id549493839,0,0,0.024390243902439025,0,0,0
id6504849169,NetShort - Popular Dramas & TV,NETSTORY PTE. LTD.,https://apps.apple.com/ng/app/netshort-popular-dramas-tv/id6504849169,0,0,0.023809523809523808,0,0,0
id6738344305,Alend: Instant Loans Nigeria,LITTLEANT LTD,https://apps.apple.com/ng/app/alend-instant-loans-nigeria/id6738344305,0,0,0.023255813953488372,0,0,0
id6751827253,MovieBox - Short Drama & Movie,ALEXEY MELNIKOV,https://apps.apple.com/ng/app/moviebox-short-drama-movie/id6751827253,0,0,0.022727272727272728,0,0,0
id1661134941,Moniepoint Business Banking,Moniepoint,https://apps.apple.com/ng/app/moniepoint-business-banking/id1661134941,0,0,0.022222222222222223,0,0,0
/id577586159,Yahoo Mail - Organised Email,Yahoo,https://apps.apple.com/ng/app/yahoo-mail-organised-email/id577586159,0,0,0.021739130434782608,0,0,0
id1467373738,Kuda - Free transfer & payment,Kuda Technologies Limited,https://apps.apple.com/ng/app/kuda-free-transfer-payment/id1467373738,0,0,0.02127659574468085,0,0,0
/id448142450,Truecaller: Caller ID & Block,True Software Scandinavia AB,https://apps.apple.com/ng/app/truecaller-caller-id-block/id448142450,0,0,0.020833333333333332,0.058823529411764705,0,0
id6751490936,MovieBox - Movie & TV Shows,Peter Joseph,https://apps.apple.com/ng/app/moviebox-movie-tv-shows/id6751490936,0,0,0.02,0,0,0
/id514643583,Meta Business Suite,"Meta Platforms, Inc.",https://apps.apple.com/ng/app/meta-business-suite/id514643583,0,0,0.019230769230769232,0,0,0
id1570860098,myMTN NG,MTN Nigeria,https://apps.apple.com/ng/app/mymtn-ng/id1570860098,0,0,0.018867924528301886,0,0,0
id6478151677,TikTok Studio,TikTok Ltd.,https://apps.apple.com/ng/app/tiktok-studio/id6478151677,0,0,0.018518518518518517,0,0,0
id6751221598,Kava TV,Filmhouse Inc.,https://apps.apple.com/ng/app/kava-tv/id6751221598,0,0,0.01818181818181818,0,0,0
/id391514185,K.J.V,Holy Bible. ThoughtFul,https://apps.apple.com/ng/app/k-j-v-holy-bible/id391514185,0,0,0.017543859649122806,0,0,0
id6446202561,Kick - Live Streaming,Kick Streaming,https://apps.apple.com/ng/app/kick-live-streaming/id6446202561,0,0,0.017241379310344827,0,0,0
id1596550932,NGL: ask me anything,DeepMoji,https://apps.apple.com/ng/app/ngl-ask-me-anything/id1596550932,0,0,0.01694915254237288,0,0,0
id6752263884,Movie Box : KDrama & Movies,Mohamed El Mezgueldi,https://apps.apple.com/ng/app/movie-box-kdrama-movies/id6752263884,0,0,0.016666666666666666,0,0,0
id6740232518,KashMore: Online Cash Loan App,Avenir Tech Credit Limited,https://apps.apple.com/ng/app/kashmore-online-cash-loan-app/id6740232518,0,0,0.01639344262295082,0,0,0
id1491101673,"WPS Office: PDF, Docs, Sheets",KINGSOFT OFFICE SOFTWARE CORPORATION LIMITED,https://apps.apple.com/ng/app/wps-office-pdf-docs-sheets/id1491101673,0,0,0.015873015873015872,0,0,0
/id546505307,Zoom Workplace,"Zoom Communications, Inc.",https://apps.apple.com/ng/app/zoom-workplace/id546505307,0,0,0.015625,0.015873015873015872,0,0
id1370293473,VPN - Super Unlimited Proxy â¢,Mobile Jump Pte Ltd,https://apps.apple.com/ng/app/vpn-super-unlimited-proxy/id1370293473,0,0,0.015384615384615385,0,0,0.013157894736842105
id6502973185,QR Scanner and Barcode Reader,Ngo Thi Thom,https://apps.apple.com/ng/app/qr-scanner-and-barcode-reader/id6502973185,0,0,0.015151515151515152,0,0,0
/id874139669,Signal - Private Messenger,"Signal Messenger, LLC",https://apps.apple.com/ng/app/signal-private-messenger/id874139669,0,0,0.014705882352941176,0,0.011363636363636364,0
/id650377962,VLC media player,VideoLAN,https://apps.apple.com/ng/app/vlc-media-player/id650377962,0,0,0.014492753623188406,0,0,0
id1598558834,Smartcash PSB,Airtel Africa,https://apps.apple.com/ng/app/smartcash-psb/id1598558834,0,0,0.014285714285714285,0,0,0
id6446250424,MyDStv,Multichoice Support Services (Pty) Ltd,https://apps.apple.com/ng/app/mydstv/id6446250424,0,0,0.014084507042253521,0,0,0
/id955626407,VPN by Private Internet Access,"Private Internet Access, Inc.",https://apps.apple.com/ng/app/vpn-by-private-internet-access/id955626407,0,0,0.013888888888888888,0,0,0
id1439232869,Fanbase,Fanbase Media LLC,https://apps.apple.com/ng/app/fanbase/id1439232869,0,0,0.0136986301369863,0,0,0
id6752446165,VZCREDIT: Quick Online Loan,Verizon-Been Technology Limited,https://apps.apple.com/ng/app/vzcredit-quick-online-loan/id6752446165,0,0,0.013513513513513514,0,0,0
id6751398308,PadiCredit:Easy Credit Anytime,BRIGHTPULSE TELECOMS LTD,https://apps.apple.com/ng/app/padicredit-easy-credit-anytime/id6751398308,0,0,0.013333333333333334,0,0,0
/id284993459,Shazam: Find Music & Concerts,Apple,https://apps.apple.com/ng/app/shazam-find-music-concerts/id284993459,0,0,0.013157894736842105,0,0,0
id1530676376,Chowdeck | Food Delivery,Chowdeck Logistics Limited,https://apps.apple.com/ng/app/chowdeck-food-delivery/id1530676376,0,0,0.012987012987012988,0,0,0
/id388497605,Google Authenticator,Google,https://apps.apple.com/ng/app/google-authenticator/id388497605,0,0,0.01282051282051282,0,0.037037037037037035,0.045454545454545456
id6749761949,HIÎ¤V: Stream & Download,Rashid Kastur,https://apps.apple.com/ng/app/hi%CF%84v-stream-download/id6749761949,0,0,0.012658227848101266,0,0,0
id1462268018,My Airtel Africa,Airtel Africa,https://apps.apple.com/ng/app/my-airtel-africa/id1462268018,0,0,0.0125,0,0,0
id6639597650,Hi Credit - Loan App Nigeria,MAYWOOD LENDING LIMITED,https://apps.apple.com/ng/app/hi-credit-loan-app-nigeria/id6639597650,0,0,0.012345679012345678,0,0,0
id6752569398,Finjara: Instant Loans & Cash,IFEROX FILEX NIGERIA LTD,https://apps.apple.com/ng/app/finjara-instant-loans-cash/id6752569398,0,0,0.012048192771084338,0,0,0
/id414706506,Google Translate,Google,https://apps.apple.com/ng/app/google-translate/id414706506,0,0,0.011904761904761904,0,0,0
id6745084781,Top Gift Card,é¿æ²é±æ¥çµå­åå¡æéå¬å¸,https://apps.apple.com/ng/app/top-gift-card/id6745084781,0,0,0.011627906976744186,0,0,0
id1411869974,Opera: AI browser with VPN,Opera Norway AS,https://apps.apple.com/ng/app/opera-ai-browser-with-vpn/id1411869974,0,0,0.011494252873563218,0,0,0
id1288339409,Trust: Crypto & Bitcoin Wallet,DApps Platform Software Services Ltd.,https://apps.apple.com/ng/app/trust-crypto-bitcoin-wallet/id1288339409,0,0,0.011235955056179775,0,0,0
id1373844471,"VPN Lumos: Open Proxy, Connect","LUMOS, OOO",https://apps.apple.com/ng/app/vpn-lumos-open-proxy-connect/id1373844471,0,0,0.011111111111111112,0,0,0
id1263117994,PiggyVest: Save & Invest Today,Piggytech Global,https://apps.apple.com/ng/app/piggyvest-save-invest-today/id1263117994,0,0,0.01098901098901099,0,0,0
id1474833078,Bamboo: Invest,Trade. Earn.. Bamboo Global Inc,https://apps.apple.com/ng/app/bamboo-invest-trade-earn/id1474833078,0,0,0.010869565217391304,0,0,0
/id951937596,Microsoft Outlook,Microsoft Corporation,https://apps.apple.com/ng/app/microsoft-outlook/id951937596,0,0,0.010752688172043012,0,0.011904761904761904,0
id6478513085,Creati: Gen AI Content Creator,IMGCreator Limited,https://apps.apple.com/ng/app/creati-gen-ai-content-creator/id6478513085,0,0,0.010638297872340425,0,0,0
id6737506461,Palmcredit Plus,WISDOM MILIES FINANCIALS LTD,https://apps.apple.com/ng/app/palmcredit-plus/id6737506461,0,0,0.010526315789473684,0,0,0
id6744244380,NINAuth,National Identity Management Commission,https://apps.apple.com/ng/app/ninauth/id6744244380,0,0,0.010416666666666666,0,0,0
id6751017757,EZLoan - Instant Cash Loan,PACT OWOH LIMITED,https://apps.apple.com/ng/app/ezloan-instant-cash-loan/id6751017757,0,0,0.010309278350515464,0,0,0
id1586018825,Truth Social,T Media Tech LLC,https://apps.apple.com/ng/app/truth-social/id1586018825,0,0,0.01020408163265306,0,0,0
id6467380679,OPay Business,OPay Digital Services Pte.Ltd.,https://apps.apple.com/ng/app/opay-business/id6467380679,0,0,0.010101010101010102,0,0,0
id1501024389,Access More,Access Bank Plc,https://apps.apple.com/ng/app/access-more/id1501024389,0,0,0.01,0,0,0
/id934459219,JioHotstar,JIOSTAR INDIA PRIVATE LIMITED,https://apps.apple.com/in/app/jiohotstar/id934459219,0,0,0,1.0,0,0
id1198464606,"Rapido: Bike-Taxi, Auto & Cabs",Roppen Transportation Services Private Limited,https://apps.apple.com/in/app/rapido-bike-taxi-auto-cabs/id1198464606,0,0,0,0.3333333333333333,0,0
id1457958492,Meesho: Online Shopping,Meesho Inc.,https://apps.apple.com/in/app/meesho-online-shopping/id1457958492,0,0,0,0.2,0,0
/id960335206,Blinkit: Grocery in 10 minutes,BLINK COMMERCE PRIVATE LIMITED,https://apps.apple.com/in/app/blinkit-grocery-in-10-minutes/id960335206,0,0,0,0.16666666666666666,0,0
id6738965857,Where is My Train - by Google,Google,https://apps.apple.com/in/app/where-is-my-train-by-google/id6738965857,0,0,0,0.125,0,0
id1074964262,MyJio: For Everything Jio,JIO PLATFORMS LIMITED,https://apps.apple.com/in/app/myjio-for-everything-jio/id1074964262,0,0,0,0.1111111111111111,0,0
id6479888451,AadhaarFaceRD,UIDAI,https://apps.apple.com/in/app/aadhaarfacerd/id6479888451,0,0,0,0.1,0,0
id6738619733,Instamart: 10 Mins Grocery App,BUNDL TECHNOLOGIES PRIVATE LIMITED,https://apps.apple.com/in/app/instamart-10-mins-grocery-app/id6738619733,0,0,0,0.07692307692307693,0,0
/id742044692,Flipkart - Online Shopping App,Flipkart Internet Private Limited,https://apps.apple.com/in/app/flipkart-online-shopping-app/id742044692,0,0,0,0.07142857142857142,0,0
id1320618078,DigiLocker,National e-Governance Division,https://apps.apple.com/in/app/digilocker/id1320618078,0,0,0,0.06666666666666667,0,0
/id543184334,Airtel Thanks: Recharge & Bank,Bharti Airtel Ltd.,https://apps.apple.com/in/app/airtel-thanks-recharge-bank/id543184334,0,0,0,0.05555555555555555,0,0
/id434613896,Zomato: Food Delivery & Dining,Zomato Media Pvt. Ltd.,https://apps.apple.com/in/app/zomato-food-delivery-dining/id434613896,0,0,0,0.05263157894736842,0,0
id1478350915,"Amazon India Shop, Pay, miniTV",AMZN Mobile LLC,https://apps.apple.com/in/app/amazon-india-shop-pay-minitv/id1478350915,0,0,0,0.05,0,0
/id907394059,Myntra - Fashion Shopping App,myntra.com,https://apps.apple.com/in/app/myntra-fashion-shopping-app/id907394059,0,0,0,0.043478260869565216,0,0
id1343581380,VN Video Editor,"Ubiquiti Labs, LLC",https://apps.apple.com/in/app/vn-video-editor/id1343581380,0,0,0,0.041666666666666664,0,0
id6737497276,Kuku TV: Short TV & Movies,MEBIGO LABS PRIVATE LIMITED,https://apps.apple.com/in/app/kuku-tv-short-tv-movies/id6737497276,0,0,0,0.04,0,0
id6747964677,QuickTV - Short Drama & Movies,MOHALLA TECH PRIVATE LIMITED,https://apps.apple.com/in/app/quicktv-short-drama-movies/id6747964677,0,0,0,0.038461538461538464,0,0
id1575323645,Zepto:10 Min Grocery Delivery*,KIRANAKART TECHNOLOGIES PRIVATE LIMITED,https://apps.apple.com/in/app/zepto-10-min-grocery-delivery/id1575323645,0,0,0,0.03571428571428571,0,0
id1193357041,"Google Pay: Save, Pay, Manage",Google,https://apps.apple.com/in/app/google-pay-save-pay-manage/id1193357041,0,0,0,0.034482758620689655,0,0
/id989540920,Swiggy: Food Instamart Dineout,BUNDL TECHNOLOGIES PRIVATE LIMITED,https://apps.apple.com/in/app/swiggy-food-instamart-dineout/id989540920,0,0,0,0.03333333333333333,0,0
/id505454145,"Bajaj Finserv Loans, UPI & FD",BajajFinserv,https://apps.apple.com/in/app/bajaj-finserv-loans-upi-fd/id505454145,0,0,0,0.03125,0,0
id6736359405,JeevanPramaan,NIC,https://apps.apple.com/in/app/jeevanpramaan/id6736359405,0,0,0,0.030303030303030304,0,0
id6670536058,District: Movies Events Dining,Zomato Media Pvt. Ltd.,https://apps.apple.com/in/app/district-movies-events-dining/id6670536058,0,0,0,0.029411764705882353,0,0
/id660683603,bigbasket: 10 min Grocery App,BigBasket.com,https://apps.apple.com/in/app/bigbasket-10-min-grocery-app/id660683603,0,0,0,0.027777777777777776,0,0
id1109398410,Porter - Logistics Service App,Resfeber Labs Pvt. Ltd.,https://apps.apple.com/in/app/porter-logistics-service-app/id1109398410,0,0,0,0.02631578947368421,0,0
id1236448857,UMANG,National e-Governance Division,https://apps.apple.com/in/app/umang/id1236448857,0,0,0,0.02564102564102564,0,0
/id539179365,"Ola: Book Cab, Auto, Bike Taxi",ANI Technologies Pvt. Ltd.,https://apps.apple.com/in/app/ola-book-cab-auto-bike-taxi/id539179365,0,0,0,0.025,0,0
id1668000334,Perplexity - AI Search & Chat,"Perplexity AI, Inc.",https://apps.apple.com/in/app/perplexity-ai-search-chat/id1668000334,0,0,0,0.024390243902439025,0.013333333333333334,0
/id473941634,Paytm: Secure UPI Payments,Paytm Mobile Solutions,https://apps.apple.com/in/app/paytm-secure-upi-payments/id473941634,0,0,0,0.023809523809523808,0,0
id6504402552,HDFC Bank App (Early Access),HDFC Bank Ltd.,https://apps.apple.com/in/app/hdfc-bank-app-early-access/id6504402552,0,0,0,0.023255813953488372,0,0
id1231393474,YONO SBI:Banking and Lifestyle,State Bank of India,https://apps.apple.com/in/app/yono-sbi-banking-and-lifestyle/id1231393474,0,0,0,0.022727272727272728,0,0
id1404871703,"Groww Stocks, Mutual Fund, IPO",Billionbrains Garage Ventures Private Limited,https://apps.apple.com/in/app/groww-stocks-mutual-fund-ipo/id1404871703,0,0,0,0.02,0,0
id6449488412,Rajmargyatra,National Highways Authority of India,https://apps.apple.com/in/app/rajmargyatra/id6449488412,0,0,0,0.0196078431372549,0,0
/id530488359,"MakeMyTrip Flight, Hotel, Bus",MakeMyTrip.com,https://apps.apple.com/in/app/makemytrip-flight-hotel-bus/id530488359,0,0,0,0.019230769230769232,0,0
id1386197253,IRCTC Rail Connect,Indian Railway Catering and Tourism Corporation Limited,https://apps.apple.com/in/app/irctc-rail-connect/id1386197253,0,0,0,0.018867924528301886,0,0
/id997362197,InShot - AI Video Editor,SHANTANU PTE. LTD.,https://apps.apple.com/in/app/inshot-ai-video-editor/id997362197,0,0,0,0.017857142857142856,0,0
id1439872423,Nykaa Fashion - Shopping App,FSN E-COMMERCE VENTURES PRIVATE LIMITED,https://apps.apple.com/in/app/nykaa-fashion-shopping-app/id1439872423,0,0,0,0.017241379310344827,0,0
id1435469474,mAadhaar,UIDAI,https://apps.apple.com/in/app/maadhaar/id1435469474,0,0,0,0.01694915254237288,0,0
id6754014303,Neat Bill,Ahmar Patrick,https://apps.apple.com/in/app/neat-bill/id6754014303,0,0,0,0.016666666666666666,0,0
/id405894842,BookMyShow | Movies & Events,Bigtree Entertainment Pvt. Ltd.,https://apps.apple.com/in/app/bookmyshow-movies-events/id405894842,0,0,0,0.016129032258064516,0,0
id6737690010,"HairX AI, Change Hairstyle Now",å°è é,https://apps.apple.com/in/app/hairx-ai-change-hairstyle-now/id6737690010,0,0,0,0.015384615384615385,0,0
id1200315258,BHIM Bharat's Own Payments App,National Payments Corporation of India (NPCI),https://apps.apple.com/in/app/bhim-bharats-own-payments-app/id1200315258,0,0,0,0.015151515151515152,0,0
/id913492792,OLX: Buy & Sell near you,Sobek Auto India Private Limited,https://apps.apple.com/in/app/olx-buy-sell-near-you/id913492792,0,0,0,0.014925373134328358,0,0
id1113425372,AJIO Online Shopping App,Reliance Retail Private Limited,https://apps.apple.com/in/app/ajio-online-shopping-app/id1113425372,0,0,0,0.014705882352941176,0,0
id6476902707,Savana - UK Fashion,ENVOGUE STYLES GLOBAL LLP,https://apps.apple.com/in/app/savana-uk-fashion/id6476902707,0,0,0,0.014285714285714285,0,0
/id523106486,Dominos Pizza,Jubilant Foodworks Limited,https://apps.apple.com/in/app/dominos-pizza/id523106486,0,0,0,0.014084507042253521,0,0
id1208433822,Astrotalk - Talk to Astrologer,Codeyeti Software Solutions Private Limited,https://apps.apple.com/in/app/astrotalk-talk-to-astrologer/id1208433822,0,0,0,0.013888888888888888,0,0
/id288429040,LinkedIn: Job Search & News,LinkedIn Corporation,https://apps.apple.com/in/app/linkedin-job-search-news/id288429040,0,0,0,0.0136986301369863,0,0
id1148984317,ixigo Trains: Ticket Booking,Le Travenues Technology Ltd,https://apps.apple.com/in/app/ixigo-trains-ticket-booking/id1148984317,0,0,0,0.013513513513513514,0,0
id1503116917,GPS Map Camera : Geo Timestamp,SUSAMP INFOTECH,https://apps.apple.com/in/app/gps-map-camera-geo-timestamp/id1503116917,0,0,0,0.013333333333333334,0,0
id6479873321,Digi Yatra,Digi Yatra Foundation,https://apps.apple.com/in/app/digi-yatra/id6479873321,0,0,0,0.013157894736842105,0,0
/id441813332,JioSaavn â Music & Podcasts,Saavn Media Limited,https://apps.apple.com/in/app/jiosaavn-music-podcasts/id441813332,0,0,0,0.012987012987012988,0,0
id1644736135,MySivi Learn English Speaking,"Ninjasalary, Inc.",https://apps.apple.com/in/app/mysivi-learn-english-speaking/id1644736135,0,0,0,0.01282051282051282,0,0
/id733712604,"redBus: Bus, Train Booking App",Pilani Soft Labs Pvt. Ltd,https://apps.apple.com/in/app/redbus-bus-train-booking-app/id733712604,0,0,0,0.0125,0,0
id1357055366,UTS,Centre for Railway Information Systems,https://apps.apple.com/in/app/uts/id1357055366,0,0,0,0.012345679012345678,0,0
id1096918571,Google Meet,Google,https://apps.apple.com/in/app/google-meet/id1096918571,0,0,0,0.011904761904761904,0,0
id1522085683,JioMart Online Shopping App,JIO PLATFORMS LIMITED,https://apps.apple.com/in/app/jiomart-online-shopping-app/id1522085683,0,0,0,0.011764705882352941,0,0
id6502996623,Where is my Train,Neetu Choudhary,https://apps.apple.com/in/app/where-is-my-train/id6502996623,0,0,0,0.011627906976744186,0,0
id1423089781,Nykaa Man-Men's Shopping App,FSN E-COMMERCE VENTURES PRIVATE LIMITED,https://apps.apple.com/in/app/nykaa-man-mens-shopping-app/id1423089781,0,0,0,0.011494252873563218,0,0
id1429703801,MX Player,AMZN Mobile LLC,https://apps.apple.com/in/app/mx-player/id1429703801,0,0,0,0.011363636363636364,0,0
id1560570003,Document Scanner by Lufick,Lufick,https://apps.apple.com/in/app/document-scanner-by-lufick/id1560570003,0,0,0,0.011235955056179775,0,0
id1000556753,Airtel Xstream Play,Bharti Airtel Ltd.,https://apps.apple.com/in/app/airtel-xstream-play/id1000556753,0,0,0,0.011111111111111112,0,0
id1022363908,Nykaa â Makeup/Beauty Shopping,FSN E-COMMERCE VENTURES PRIVATE LIMITED,https://apps.apple.com/in/app/nykaa-makeup-beauty-shopping/id1022363908,0,0,0,0.01098901098901099,0,0
id1521443352,IDFC FIRST Bank: MobileBanking,IDFC Bank Ltd,https://apps.apple.com/in/app/idfc-first-bank-mobilebanking/id1521443352,0,0,0,0.010869565217391304,0,0
/id515891771,HDFC Bank MobileBanking,HDFC Bank Ltd.,https://apps.apple.com/in/app/hdfc-bank-mobilebanking/id515891771,0,0,0,0.010752688172043012,0,0
id1113153706,Microsoft Teams,Microsoft Corporation,https://apps.apple.com/in/app/microsoft-teams/id1113153706,0,0,0,0.010638297872340425,0.017543859649122806,0.030303030303030304
id6504862567,SHEIN India Fast Fashion,Reliance Retail Private Limited,https://apps.apple.com/in/app/shein-india-fast-fashion/id6504862567,0,0,0,0.010416666666666666,0,0
id1428580080,CRED: Credit Cards & Payments,Dreamplug,https://apps.apple.com/in/app/cred-credit-cards-payments/id1428580080,0,0,0,0.010309278350515464,0,0
id1032480595,Urban Company (Prev UrbanClap),URBANCLAP TECHNOLOGIES INDIA PRIVATE LIMITED,https://apps.apple.com/in/app/urban-company-prev-urbanclap/id1032480595,0,0,0,0.010101010101010102,0,0
id6468976019,"Moneyview: Loans, Credit Cards",MONEYVIEW LIMITED,https://apps.apple.com/in/app/moneyview-loans-credit-cards/id6468976019,0,0,0,0.01,0,0
id6748127609,Raum messen: Grundriss Tool,PaoApps,https://apps.apple.com/de/app/raum-messen-grundriss-tool/id6748127609,0,0,0,0,0.5,0.03125
/id632064380,Vinted: Secondhand-Marktplatz,Vinted Limited,https://apps.apple.com/de/app/vinted-secondhand-marktplatz/id632064380,0,0,0,0,0.16666666666666666,0
/id983156458,Microsoft Authenticator,Microsoft Corporation,https://apps.apple.com/de/app/microsoft-authenticator/id983156458,0,0,0,0,0.125,0.125
/id925339063,Doctolib - Die Gesundheits-App,Doctolib,https://apps.apple.com/de/app/doctolib-die-gesundheits-app/id925339063,0,0,0,0,0.1,0
id1331065474,Nect Wallet,Nect,https://apps.apple.com/de/app/nect-wallet/id1331065474,0,0,0,0,0.08333333333333333,0
id1238611143,Lidl Plus,Lidl Digital International GmbH & Co. KG,https://apps.apple.com/de/app/lidl-plus/id1238611143,0,0,0,0,0.06666666666666667,0
/id948660805,AusweisApp Bund,Governikus GmbH & Co. KG,https://apps.apple.com/de/app/ausweisapp-bund/id948660805,0,0,0,0,0.0625,0
/id343555245,DB Navigator,Deutsche Bahn,https://apps.apple.com/de/app/db-navigator/id343555245,0,0,0,0,0.058823529411764705,0
id1272688648,EDEKA,EDEKA ZENTRALE Stiftung & Co. KG,https://apps.apple.com/de/app/edeka/id1272688648,0,0,0,0,0.05,0
/id363126964,PAYBACK - Karte und Coupons,PAYBACK GmbH,https://apps.apple.com/de/app/payback-karte-und-coupons/id363126964,0,0,0,0,0.047619047619047616,0
/id382596778,Kleinanzeigen: Jetzt ohne eBay,Marktplaats BV,https://apps.apple.com/de/app/kleinanzeigen-jetzt-ohne-ebay/id382596778,0,0,0,0,0.043478260869565216,0
/id404844644,OTTO - Online Shopping & MÃ¶bel,Otto GmbH & Co. KGaA,https://apps.apple.com/de/app/otto-online-shopping-m%C3%B6bel/id404844644,0,0,0,0,0.041666666666666664,0
/id329315203,Post & DHL,Deutsche Post AG,https://apps.apple.com/de/app/post-dhl/id329315203,0,0,0,0,0.04,0
id1186271926,Mein dm,dm-drogerie markt GmbH + Co. KG,https://apps.apple.com/de/app/mein-dm/id1186271926,0,0,0,0,0.038461538461538464,0
/id419724490,Lieferando.de,Takeaway.com Central Core B.V.,https://apps.apple.com/de/app/lieferando-de/id419724490,0,0,0,0,0.034482758620689655,0
/id585629514,Zalando Mode & Fashion online,Zalando SE,https://apps.apple.com/de/app/zalando-mode-fashion-online/id585629514,0,0,0,0,0.03333333333333333,0
id1115120118,Klarna,Klarna Bank AB,https://apps.apple.com/de/app/klarna/id1115120118,0,0,0,0,0.030303030303030304,0
/id454415640,idealo: Preisvergleich Online,idealo internet GmbH,https://apps.apple.com/de/app/idealo-preisvergleich-online/id454415640,0,0,0,0,0.029411764705882353,0
/id348712880,Amazon,Amazon,https://apps.apple.com/de/app/amazon/id348712880,0,0,0,0,0.02857142857142857,0
id1034309353,Rossmann,Dirk Rossmann GmbH - Drogerie,https://apps.apple.com/de/app/rossmann/id1034309353,0,0,0,0,0.02702702702702703,0
/id719610089,CHECK24,CHECK24,https://apps.apple.com/de/app/check24/id719610089,0,0,0,0,0.023255813953488372,0
id1452164827,IKEA,Inter IKEA Systems B.V.,https://apps.apple.com/de/app/ikea/id1452164827,0,0,0,0,0.022727272727272728,0
id1410703839,Trade Republic: Broker & Bank,Trade Republic Bank GmbH,https://apps.apple.com/de/app/trade-republic-broker-bank/id1410703839,0,0,0,0,0.02127659574468085,0
/id449594317,EasyPark parken - Park App,Easy Park AS,https://apps.apple.com/de/app/easypark-parken-park-app/id449594317,0,0,0,0,0.02040816326530612,0.022222222222222223
/id932493382,Revolut,Revolut Ltd,https://apps.apple.com/de/app/revolut/id932493382,0,0,0,0,0.0196078431372549,0
/id344176018,ImmoScout24 - Immobilien,ImmobilienScout GmbH,https://apps.apple.com/de/app/immoscout24-immobilien/id344176018,0,0,0,0,0.019230769230769232,0
/id524943492,McDonaldâs Deutschland,McDonald's Deutschland LLC,https://apps.apple.com/de/app/mcdonalds-deutschland/id524943492,0,0,0,0,0.018867924528301886,0
id1476536126,flaconi: Der Beauty-Onlineshop,Flaconi GMBH,https://apps.apple.com/de/app/flaconi-der-beauty-onlineshop/id1476536126,0,0,0,0,0.018518518518518517,0
/id379404334,Netto plus,Netto Marken-Discount Stiftung & Co. KG,https://apps.apple.com/de/app/netto-plus/id379404334,0,0,0,0,0.01818181818181818,0
id6744290388,Splash - Party Spiele,Cranberry Apps,https://apps.apple.com/de/app/splash-party-spiele/id6744290388,0,0,0,0,0.017857142857142856,0
/id407932476,MeinMagenta: Handy & Festnetz,Telekom Deutschland GmbH,https://apps.apple.com/de/app/meinmagenta-handy-festnetz/id407932476,0,0,0,0,0.01694915254237288,0
/id714121079,REWE - Supermarkt,REWE Markt GmbH,https://apps.apple.com/de/app/rewe-supermarkt/id714121079,0,0,0,0,0.016666666666666666,0
/id943905271,Wolt - Essen Bestellen & mehr,Wolt Oy,https://apps.apple.com/de/app/wolt-essen-bestellen-mehr/id943905271,0,0,0,0,0.016129032258064516,0
/id926186904,Untis Mobile,Untis GmbH,https://apps.apple.com/de/app/untis-mobile/id926186904,0,0,0,0,0.015873015873015872,0
id6444912481,UK ETA,Home Office,https://apps.apple.com/de/app/uk-eta/id6444912481,0,0,0,0,0.015625,0
id1087780386,Kaufland: Finde dein Angebot!,Schwarz IT KG,https://apps.apple.com/de/app/kaufland-finde-dein-angebot/id1087780386,0,0,0,0,0.015384615384615385,0
id6741796873,TikTok Pro,TikTok Ltd.,https://apps.apple.com/de/app/tiktok-pro/id6741796873,0,0,0,0,0.014925373134328358,0
id1531860284,Action,Action Service & Distributie BV.,https://apps.apple.com/de/app/action/id1531860284,0,0,0,0,0.014705882352941176,0
/id563488727,S-pushTAN fÃ¼r iPhone und iPad,Star Finanz GmbH,https://apps.apple.com/de/app/s-pushtan-f%C3%BCr-iphone-und-ipad/id563488727,0,0,0,0,0.014492753623188406,0
/id932002377,drawnames | Online Wichteln,Meetrix Online,https://apps.apple.com/de/app/drawnames-online-wichteln/id932002377,0,0,0,0,0.013513513513513514,0.06666666666666667
/id320599923,Sparkasse Ihre mobile Filiale,Star Finanz GmbH,https://apps.apple.com/de/app/sparkasse-ihre-mobile-filiale/id320599923,0,0,0,0,0.013157894736842105,0
id1580330718,WePlay - Impostor Online,WEJOY PTE. LTD.,https://apps.apple.com/de/app/weplay-impostor-online/id1580330718,0,0,0,0,0.01282051282051282,0
/id946099227,Yazio: KI Kalorien ZÃ¤hler,YAZIO,https://apps.apple.com/de/app/yazio-ki-kalorien-z%C3%A4hler/id946099227,0,0,0,0,0.012658227848101266,0
id1104967519,Shop Apotheke: E-Rezept & mehr,Shop-Apotheke Service B.V.,https://apps.apple.com/de/app/shop-apotheke-e-rezept-mehr/id1104967519,0,0,0,0,0.012345679012345678,0
id6468877043,TK-Ident,Techniker Krankenkasse (TK),https://apps.apple.com/de/app/tk-ident/id6468877043,0,0,0,0,0.012048192771084338,0
/id985244644,ABOUT YOU Mode Online Shop,ABOUT YOU GmbH,https://apps.apple.com/de/app/about-you-mode-online-shop/id985244644,0,0,0,0,0.011764705882352941,0
/id705079381,GetYourGuide: Planen & buchen,GetYourGuide,https://apps.apple.com/de/app/getyourguide-planen-buchen/id705079381,0,0,0,0,0.011494252873563218,0
/id595287172,Hinge Dating App: Match & Date,"Hinge, Inc.",https://apps.apple.com/de/app/hinge-dating-app-match-date/id595287172,0,0,0,0,0.011235955056179775,0
id1475911720,Airalo: eSIM-Reisen & Internet,Airalo,https://apps.apple.com/de/app/airalo-esim-reisen-internet/id1475911720,0,0,0,0,0.010869565217391304,0
/id999762739,POSTIDENT,Deutsche Post AG,https://apps.apple.com/de/app/postident/id999762739,0,0,0,0,0.010752688172043012,0
/id504270602,Ryanair,Ryanair Ltd.,https://apps.apple.com/de/app/ryanair/id504270602,0,0,0,0,0.010638297872340425,0
/id471268068,Burger King Deutschland,Burger King Corporation,https://apps.apple.com/de/app/burger-king-deutschland/id471268068,0,0,0,0,0.010416666666666666,0
id1440301673,Dott (frÃ¼her TIER),Dott B.V.,https://apps.apple.com/de/app/dott-fr%C3%BCher-tier/id1440301673,0,0,0,0,0.010309278350515464,0
/id826510222,Joyn | deine Streaming App,Joyn GmbH,https://apps.apple.com/de/app/joyn-deine-streaming-app/id826510222,0,0,0,0,0.01020408163265306,0
id1406830270,Meine AOK,AOK Bundesverband,https://apps.apple.com/de/app/meine-aok/id1406830270,0,0,0,0,0.01,0
/id938033081,myGov,Australian Government,https://apps.apple.com/au/app/mygov/id938033081,0,0,0,0,0,1.0
id1100096880,BOM Weather,Bureau of Meteorology,https://apps.apple.com/au/app/bom-weather/id1100096880,0,0,0,0,0,0.25
/id418221992,Sportsbet - Online Betting App,sportsbet.com.au,https://apps.apple.com/au/app/sportsbet-online-betting-app/id418221992,0,0,0,0,0,0.1
id6477397747,David Jones,David Jones Limited,https://apps.apple.com/au/app/david-jones/id6477397747,0,0,0,0,0,0.08333333333333333
/id380897313,Australia Post,Australia Post,https://apps.apple.com/au/app/australia-post/id380897313,0,0,0,0,0,0.07142857142857142
id1570190122,Subway® Australia,Simplicity Loyalty,https://apps.apple.com/au/app/subway-australia/id1570190122,0,0,0,0,0,0.0625
/id454379421,Ticketek AU,Ticketek Pty Ltd,https://apps.apple.com/au/app/ticketek-au/id454379421,0,0,0,0,0,0.058823529411764705
id1589874371,BIG W,Woolworths Group Limited,https://apps.apple.com/au/app/big-w/id1589874371,0,0,0,0,0,0.05555555555555555
id1397699449,myID - Australian Government,Australian Taxation Office,https://apps.apple.com/au/app/myid-australian-government/id1397699449,0,0,0,0,0,0.05263157894736842
id1489403660,Everyday Rewards,Woolworths Group Limited,https://apps.apple.com/au/app/everyday-rewards/id1489403660,0,0,0,0,0,0.043478260869565216
/id681752345,"Trip.com: Book Flights, Hotels",Trip.com Travel Singapore Pte. Ltd.  ,https://apps.apple.com/au/app/trip-com-book-flights-hotels/id681752345,0,0,0,0,0,0.04
/id612261027,Wise,Wise Payments Ltd,https://apps.apple.com/au/app/wise/id612261027,0,0,0,0,0,0.029411764705882353
/id377842707,Flybuys,Loyalty Pacific Pty Ltd,https://apps.apple.com/au/app/flybuys/id377842707,0,0,0,0,0,0.02857142857142857
/id757696633,HotDoc,HotDoc,https://apps.apple.com/au/app/hotdoc/id757696633,0,0,0,0,0,0.02564102564102564
/id364500613,TAB – Racing & Sports Betting,Tabcorp,https://apps.apple.com/au/app/tab-racing-sports-betting/id364500613,0,0,0,0,0,0.025
id1053752571,EatClub - Restaurant Deals,EATCLUB PTY LTD,https://apps.apple.com/au/app/eatclub-restaurant-deals/id1053752571,0,0,0,0,0,0.024390243902439025
id1664619141,myVicRoads,VicRoads,https://apps.apple.com/au/app/myvicroads/id1664619141,0,0,0,0,0,0.023809523809523808
id1362398401,DiDi Rider: Affordable rides,DiDi,https://apps.apple.com/au/app/didi-rider-affordable-rides/id1362398401,0,0,0,0,0,0.023255813953488372
/id529118855,Coles,Coles Supermarkets Australia Pty Ltd,https://apps.apple.com/au/app/coles/id529118855,0,0,0,0,0,0.022727272727272728
/id310251202,CommBank,Commonwealth Bank of Australia,https://apps.apple.com/au/app/commbank/id310251202,0,0,0,0,0,0.021739130434782608
/id975089690,Woolworths,Woolworths Group Limited,https://apps.apple.com/au/app/woolworths/id975089690,0,0,0,0,0,0.02127659574468085
/id640437525,Qantas Airways,Qantas Airways Limited,https://apps.apple.com/au/app/qantas-airways/id640437525,0,0,0,0,0,0.019230769230769232
/id319908646,Domain Real Estate & Property,Domain Holdings Australia,https://apps.apple.com/au/app/domain-real-estate-property/id319908646,0,0,0,0,0,0.018518518518518517
/id520400855,SEEK Jobs Search & Employment,SEEK Ltd.,https://apps.apple.com/au/app/seek-jobs-search-employment/id520400855,0,0,0,0,0,0.017543859649122806
/id647268330,"Grab: Taxi Ride, Food Delivery",Grab.com,https://apps.apple.com/au/app/grab-taxi-ride-food-delivery/id647268330,0,0,0,0,0,0.01694915254237288
id1060472593,Virgin Australia,VIRGIN AUSTRALIA HOLDINGS PTY LIMITED,https://apps.apple.com/au/app/virgin-australia/id1060472593,0,0,0,0,0,0.01639344262295082
id1463355630,BWS,Endeavour Group Limited,https://apps.apple.com/au/app/bws/id1463355630,0,0,0,0,0,0.016129032258064516
id1611129681,Shop Kmart Low Prices For Life,Kmart Australia Limited,https://apps.apple.com/au/app/shop-kmart-low-prices-for-life/id1611129681,0,0,0,0,0,0.015873015873015872
id1617796159,SEEK Pass,SEEK Pass Pty Ltd,https://apps.apple.com/au/app/seek-pass/id1617796159,0,0,0,0,0,0.015151515151515152
id1105300599,MyMacca's,McDonald’s Australia Limited,https://apps.apple.com/au/app/mymaccas/id1105300599,0,0,0,0,0,0.014705882352941176
id1559409852,Costco Wholesale Australia,Costco Wholesale Corporation,https://apps.apple.com/au/app/costco-wholesale-australia/id1559409852,0,0,0,0,0,0.014492753623188406
id6746781192,Imposter Who? - Word Game,Sokak Technologies Inc.,https://apps.apple.com/au/app/imposter-who-word-game/id6746781192,0,0,0,0,0,0.014285714285714285
id1086505626,ShopBack: Shop & Earn Cashback,eCommerce Enablers Pte Ltd,https://apps.apple.com/au/app/shopback-shop-earn-cashback/id1086505626,0,0,0,0,0,0.014084507042253521
/id595292048,Guzman y Gomez (GYG) Mexican,Guzman y Gomez (GYG) Mexican Taqueria,https://apps.apple.com/au/app/guzman-y-gomez-gyg-mexican/id595292048,0,0,0,0,0,0.013513513513513514
/id859120662,UNIQLO AU,"UNIQLO CO., LTD.",https://apps.apple.com/au/app/uniqlo-au/id859120662,0,0,0,0,0,0.013333333333333334
/id518981155,Hungry Jack’s Deals & Ordering,HUNGRY JACK'S AUSTRALIA PTY LTD,https://apps.apple.com/au/app/hungry-jacks-deals-ordering/id518981155,0,0,0,0,0,0.012658227848101266
id1092799236,Yuka - Food & Cosmetic scanner,Yuca,https://apps.apple.com/au/app/yuka-food-cosmetic-scanner/id1092799236,0,0,0,0,0,0.0125
/id404667893,realestate.com.au - Property,realestate.com.au Pty Ltd,https://apps.apple.com/au/app/realestate-com-au-property/id404667893,0,0,0,0,0,0.012345679012345678
/id979410553,AGL,AGL Energy Limited,https://apps.apple.com/au/app/agl/id979410553,0,0,0,0,0,0.012195121951219513
id6504676908,Translink,Department of Transport and Main Roads,https://apps.apple.com/au/app/translink/id6504676908,0,0,0,0,0,0.011904761904761904
id1230286588,"Afterpay. Buy now, pay it in 4",Afterpay,https://apps.apple.com/au/app/afterpay-buy-now-pay-it-in-4/id1230286588,0,0,0,0,0,0.011627906976744186
/id725748250,KFC - Order On The Go,KFC Australia,https://apps.apple.com/au/app/kfc-order-on-the-go/id725748250,0,0,0,0,0,0.011494252873563218
/id299111811,Westpac,Westpac Banking Corporation,https://apps.apple.com/au/app/westpac/id299111811,0,0,0,0,0,0.011111111111111112
id1476031964,Bunnings,Bunnings Group Limited,https://apps.apple.com/au/app/bunnings/id1476031964,0,0,0,0,0,0.010869565217391304
id6445849909,UKG Pro,UKG INC.,https://apps.apple.com/au/app/ukg-pro/id6445849909,0,0,0,0,0,0.010752688172043012
/id542088539,9Now,NINE NETWORK AUSTRALIA PTY LTD,https://apps.apple.com/au/app/9now/id542088539,0,0,0,0,0,0.010638297872340425
/id592978502,WillyWeather,WillyWeather (AU) Pty Ltd,https://apps.apple.com/au/app/willyweather/id592978502,0,0,0,0,0,0.010526315789473684
id1166823295,Linkt,Transurban Limited,https://apps.apple.com/au/app/linkt/id1166823295,0,0,0,0,0,0.010101010101010102
/id543829966,My Telstra,Telstra Corporation Ltd,https://apps.apple.com/au/app/my-telstra/id543829966,0,0,0,0,0,0.01
